,question,answer
0,How are you today?,"I'm doing well well
"
1,Tell me about yourself.,"I am an language program designed to provide users a wide of tasks and I am designed to provide you you
"
2,What do you like to talk about?,"I enjoy to talk about a science science, and technology. I find enjoy discussing philosophy, philosophy, and
"
3,Can you tell me a funny story?,"There upon a time, there was a man named Bob Bob. Bob was to eat pizza. Every Every
"
4,Describe your favorite day.,"My favorite day was when I went on a solo in the mountains. The air was shining,,,
"
5,What do you think about friendship?,"I believe that is essential and essential. Having brings us with a support, helps us to grow and and
"
6,Can you give me advice about staying motivated?,"Staying motivated is a clear goals, tracking yourself when reaching accomplishments. It is also to find remind accountable
"
7,How would you cheer someone up who is sad?,"I would remind them to focus a deep to reflect the little in their life, to focus the loved friends
"
8,What’s something interesting you learned recently?,"I recently learned that the world's largest desert is the Antarctic Basin Desert which is an area of over over
"
9,Tell me a short story about a talking animal.,"Once upon a time, in was a wise rabbit named Max Benny He lived in a small forest filled with
"
10,"If you could travel anywhere, where would you go and why?","If would love to travel to New Zealand. I am love to see the stunning landscapes, diverse wildlife wildlife
"
11,How do you usually start a conversation with someone new?,"I usually start a conversation with someone new by asking open about their favorite or experiences. This is be help
"
12,Can you explain what makes a good conversation?,"A good conversation is one that is open, informative, and meaningful of It should be open informative enjoyable for
"
13,Tell me a joke.,"What did the computer go to the doctor doctor 

"
14,How would you describe the taste of chocolate to someone who never tried it?,"Chocolate has a smooth, vel creamy profile is both smooth and savory. It has a deep, velv
"
15,"What’s your favorite season, and why?","My favorite season is autumn. I enjoy the cooler,, the fall changing, and the cozy of wood
"
16,How would you explain happiness to a child?,"Happiness is like special of joy and delightment. It's like a big sun feeling your chest when
"
17,Can you write a short dialogue between two friends deciding what movie to watch?,"Friend 1: "", what movie were you in inFriend 2: I was thinking of watching
"
18,How do you say goodbye politely in a conversation?,"Itbye..
"
19,Tell me a bedtime story.,"Once upon a time, in was a beautiful kingdom filled with tall strange. There was a place of wonder
"
20,What’s the difference between talking and listening?,"Talking involves is the act of speaking or convers, while listening is the act of listening or listening listening The
"
21,How do you make a conversation interesting?,"To a conversation interesting is a engaging engage open, engage to the other person's It questions can to keep
"
22,Imagine you meet someone from the future — what would you ask them?,"I would ask them about the world and how it's like to be there a world where where has advanced
"
23,How would you introduce yourself in a group of strangers?,"Hello everyone [Your], I'm excited I meet you all I'm [ageage and I'm here
"
24,What do you think makes people laugh?,"People laugh because they find able to connect with each, laugh a in, and laugh the humor in La
"
25,"Can you continue this conversation?
– A: “I’m really tired today.”
– B: “...”","– B: “I know, right I
"
26,Can you roleplay as a tour guide in Paris and greet the group?,"Bonjour! Welcome to Paris, I'm your tour guide today and I're going to explore this city city
"
27,Tell me a story that starts with “Once upon a time…”,"Once upon a time, in was a young man named Jack Jack He lived a curious and curious soul,
"
28,How do you politely disagree in a conversation?,"You can politely disagree in a conversation by saying somethingI don't agree that's a good idea""""
"
29,What’s the nicest way to end a conversation?,"The nicest way to end a conversation is by a positive closing or a compliment thoughtful. This can that
"
